2025-11-19_22-27-06,0,draft.py:2025-11-19_22-27-06
2025-11-19_22-27-15,0,draft.py:2025-11-19_22-27-06
2025-11-19_22-31-23,0,draft.py:2025-11-19_22-27-06
2025-11-19_23-11-55,0,draft.py:2025-11-19_22-27-06
2025-11-19_23-17-55,0,draft.py:2025-11-19_22-27-06
2025-11-19_23-18-34,0,draft.py:2025-11-19_22-27-06
2025-11-19_23-23-53,0,draft.py:2025-11-19_23-23-53
2025-11-19_23-23-59,0,draft.py:2025-11-19_23-23-53
2025-11-19_23-24-07,0,draft.py:2025-11-19_23-24-07
2025-11-19_23-24-22,0,draft.py:2025-11-19_23-24-22
2025-11-19_23-24-52,0,draft.py:2025-11-19_23-24-52
2025-11-19_23-25-05,0,draft.py:2025-11-19_23-24-52
