2025-11-03_16-37-50,None,draft.py:2025-11-03_16-37-50
2025-11-12_14-07-44,0,draft.py:2025-11-12_14-07-44
2025-11-12_14-07-44,0,draft.py:2025-11-12_14-07-44
2025-11-12_14-14-54,0,draft.py:2025-11-12_14-14-54
2025-11-12_14-17-14,0,draft.py:2025-11-12_14-17-14
2025-11-12_14-17-36,0,draft.py:2025-11-12_14-17-36
2025-11-12_14-24-10,0,draft.py:2025-11-12_14-24-10
2025-11-12_14-31-01,0,draft.py:2025-11-12_14-31-01
2025-11-12_14-34-29,0,draft.py:2025-11-12_14-34-29
2025-11-12_14-34-37,0,draft.py:2025-11-12_14-34-37
2025-11-12_14-34-45,0,draft.py:2025-11-12_14-34-45
2025-11-12_14-35-05,0,draft.py:2025-11-12_14-35-05
2025-11-12_14-35-16,10,draft.py:2025-11-12_14-35-16
2025-11-12_14-35-25,0,draft.py:2025-11-12_14-35-25
2025-11-12_14-35-36,10,draft.py:2025-11-12_14-35-36
2025-11-12_14-36-08,0,draft.py:2025-11-12_14-36-08
2025-11-12_14-36-28,10,draft.py:2025-11-12_14-36-28
2025-11-12_14-36-40,10,draft.py:2025-11-12_14-36-40
2025-11-12_14-37-29,0,draft.py:2025-11-12_14-37-29
2025-11-12_14-37-38,0,draft.py:2025-11-12_14-37-38
2025-11-12_14-37-45,10,draft.py:2025-11-12_14-37-45
2025-11-12_14-37-55,0,draft.py:2025-11-12_14-37-55
2025-11-12_14-38-02,10,draft.py:2025-11-12_14-38-02
2025-11-12_14-39-41,0,draft.py:2025-11-12_14-39-41
2025-11-12_14-40-11,10,draft.py:2025-11-12_14-40-11
2025-11-12_14-40-46,30,draft.py:2025-11-12_14-40-46
2025-11-12_14-42-04,30,draft.py:2025-11-12_14-40-46
2025-11-12_14-46-04,30,draft.py:2025-11-12_14-40-46
2025-11-12_14-49-40,40,draft.py:2025-11-12_14-49-40
2025-11-12_14-53-49,0,draft.py:2025-11-12_14-53-49
2025-11-12_14-55-17,0,draft.py:2025-11-12_14-55-17
2025-11-12_14-55-41,0,draft.py:2025-11-12_14-55-41
2025-11-12_14-55-50,0,draft.py:2025-11-12_14-55-50
2025-11-12_14-56-19,0,draft.py:2025-11-12_14-55-50
2025-11-12_14-57-07,30,draft.py:2025-11-12_14-57-07
2025-11-12_14-57-30,0,draft.py:2025-11-12_14-57-30
2025-11-12_14-59-01,0,draft.py:2025-11-12_14-57-30
2025-11-12_15-00-37,0,draft.py:2025-11-12_15-00-37
2025-11-12_15-00-39,0,draft.py:2025-11-12_15-00-37
2025-11-12_15-00-39,0,draft.py:2025-11-12_15-00-37
2025-11-12_15-00-39,0,draft.py:2025-11-12_15-00-37
2025-11-12_15-01-07,0,draft.py:2025-11-12_15-01-07
2025-11-12_15-01-26,0,draft.py:2025-11-12_15-01-26
2025-11-12_15-02-57,0,draft.py:2025-11-12_15-02-57
2025-11-12_15-03-27,50,draft.py:2025-11-12_15-03-27
2025-11-13_00-33-58,50,draft.py:2025-11-12_15-03-27
2025-11-13_00-36-32,30,draft.py:2025-11-13_00-36-32
2025-11-13_00-36-45,20,draft.py:2025-11-13_00-36-45
2025-11-13_00-37-00,70,draft.py:2025-11-13_00-37-00
2025-11-13_00-41-14,70,draft.py:2025-11-13_00-37-00
2025-11-13_00-42-36,70,draft.py:2025-11-13_00-42-36
2025-11-13_00-48-17,90,draft.py:2025-11-13_00-48-17
2025-11-13_00-51-08,30,draft.py:2025-11-13_00-51-08
2025-11-13_00-51-28,100,draft.py:2025-11-13_00-51-28
2025-11-13_00-51-58,100,draft.py:2025-11-13_00-51-28
